Top queries,Clicks,Impressions,CTR,Position
parag pallav talks,72,98,73.47%,1.05
linkedin summary examples 2021,13,198,6.57%,9.86
linkedin summary examples,4,1273,0.31%,62.93
poem on old age in hindi,3,105,2.86%,9.06
joe smith icrowdnewswire.com,3,41,7.32%,34.46
summary linkedin example,2,189,1.06%,50.5
digital marketing linkedin summary examples,2,14,14.29%,24.5
digital marketing linkedin summary,1,140,0.71%,36.94
summary for linkedin examples,1,99,1.01%,43.81
linkedin summary examples for digital marketing,1,72,1.39%,29.78
7 pillars of digital marketing,1,72,1.39%,42.47
social media manager linkedin summary,1,71,1.41%,40.42
digital marketing pillars,1,60,1.67%,32.85
joe smith icrowdnewswire,1,42,2.38%,30.43
ai seo content writing,1,9,11.11%,17.89
summary on linkedin example,1,6,16.67%,28.67
wordpress hosting,1,1,100%,30
good summary for linkedin examples,1,1,100%,36
linkedin marketing summary,1,1,100%,37
100 seo tools,0,1105,0%,47.56
linkedin profile examples,0,636,0%,76.64
how to write a linkedin summary,0,623,0%,67.95
ai content writer,0,549,0%,77.56
seo content writing software,0,529,0%,87.4
facebook meta logo,0,481,0%,7.89
linkedin summary example,0,469,0%,53.72
good linkedin summary,0,462,0%,69.28
artificial intelligence content writing,0,438,0%,57.27
rich result test,0,431,0%,82
100 free seo tools,0,416,0%,23.75
top free seo tools,0,392,0%,78.07
linkedin summary examples for sales,0,376,0%,78.3
rich results testing tool,0,368,0%,92.09
how to write linkedin summary,0,361,0%,70.11
linkedin summary,0,357,0%,84.52
search console insights,0,346,0%,65.74
linkedin bio examples,0,331,0%,67.46
linkedin summary tips,0,324,0%,34.64
best free seo analysis tool,0,303,0%,109.54
ai seo content,0,301,0%,40.42
ai content writing,0,292,0%,83.47
linkedin summary examples for marketing,0,282,0%,37.33
best free seo tools,0,280,0%,89.4
writing a linkedin summary,0,279,0%,63.01
how to set up bing webmaster tools,0,278,0%,54.35
summary for linkedin,0,276,0%,66.09
google search console beta,0,271,0%,58.27
linkedin about section examples,0,269,0%,59.08
bing seo guide,0,267,0%,116.82
linkedin summary for marketing professional,0,264,0%,40.89
content writing ai,0,262,0%,88.48
rich results test,0,256,0%,78.79
linkedin about examples,0,242,0%,73.45
best summary for linkedin,0,240,0%,73.5
how to write a good linkedin summary,0,239,0%,51.27
what to write in linkedin summary,0,234,0%,74.72
amp definition seo glossary,0,233,0%,47.78
best linkedin summary,0,233,0%,88.04
good summary for linkedin,0,230,0%,72.38
bing webmaster tools setup,0,229,0%,33.86
seo challenges,0,227,0%,30.68
search console guide,0,227,0%,115.2
how to write a linkedin bio,0,222,0%,66.67
business development linkedin summary,0,221,0%,72.27
google search console guide,0,221,0%,82.06
linkedin summary examples for marketing professional,0,218,0%,39.37
good linkedin profile examples,0,218,0%,76.52
how to write summary on linkedin,0,211,0%,70.36
linkedin profile summary examples,0,208,0%,65.91
how to write summary in linkedin,0,207,0%,71.61
gratis seo tools 2021,0,199,0%,67.2
future of content writing,0,197,0%,27.28
linkedin summary for sales manager,0,194,0%,76.73
how to write about in linkedin,0,191,0%,85.49
content writer ai,0,189,0%,69.56
writing linkedin summary,0,186,0%,68.17
linkedin summary examples for sales managers,0,181,0%,67.52
seo content writing assistant,0,177,0%,79.76
example linkedin summary,0,175,0%,61.07
pillars of digital marketing,0,174,0%,31.84
parag calendar,0,173,0%,5.26
example of linkedin summary,0,173,0%,42.16
linkedin summary examples for customer service,0,170,0%,43.55
linkedin summary customer service,0,170,0%,49.48
free seo tools 2021,0,164,0%,60.48
content automation seo,0,163,0%,76.04
linkedin summary examples customer service,0,161,0%,67.06
free social media calendar template 2020,0,161,0%,89.22
seo automated content generation,0,158,0%,45.99
marketing linkedin summary,0,155,0%,46.41
best summary for linkedin profile,0,154,0%,85.08
bing website ranking,0,149,0%,106.21
how many main pillars of digital marketing,0,148,0%,27.37
seo content writer software,0,146,0%,79.9
how to write a great linkedin summary,0,144,0%,53.85
linkedin summary sales manager,0,144,0%,75.47
linkedin about me examples,0,143,0%,48.09
linkedin customer service summary examples,0,142,0%,70.77
summary on linkedin,0,142,0%,92.07
google search console insights,0,138,0%,76.33
linkedin profile summary,0,136,0%,90.32
linkedin profile summary examples for it professionals,0,135,0%,67.26
social media calendar template 2020,0,135,0%,81.25
seo ai content,0,134,0%,57.06
seo vs ai,0,133,0%,40.73
best linkedin summary for sales professional,0,133,0%,88.05
customer service linkedin summary,0,132,0%,32.97
linkedin summary for business development,0,132,0%,59.54
professional summary linkedin examples,0,129,0%,64.58
linkedin summary examples business development,0,126,0%,53.83
linkedin summary examples for it professionals,0,126,0%,76.18
linkedin professional summary examples,0,125,0%,70.69
linkedin bio example,0,122,0%,55.91
impressive linkedin profiles,0,117,0%,65.6
free seo tools,0,115,0%,154.38
how to write a summary for linkedin,0,112,0%,65.57
linkedin profile examples 2020,0,111,0%,71.18
how to write a good bio on linkedin,0,108,0%,46.99
bing verification code,0,108,0%,72.83
linkedin summary examples for project manager,0,107,0%,87.28
bing ranking,0,107,0%,110.25
short linkedin summary,0,103,0%,51.16
problems faced in seo,0,102,0%,30.59
seo analytics free,0,102,0%,95.32
what to put in linkedin summary,0,101,0%,61.9
best free seo tool,0,99,0%,83.14
ai assisted writing,0,98,0%,42.02
best linkedin summaries examples,0,96,0%,45.99
best linkedin summary for project manager,0,96,0%,82.8
ultimate seo tool,0,96,0%,141.41
how to make an impressive linkedin profile,0,92,0%,86.85
poem on labour day in hindi,0,91,0%,40.97
search console insight,0,91,0%,67.27
write linkedin summary,0,91,0%,71.98
seo content generation,0,91,0%,82.84
ai content writing 2020,0,87,0%,39.87
how to write a summary on linkedin,0,87,0%,64.6
alphafold 2,0,84,0%,81.45
linkedin summary examples for business development manager,0,84,0%,85.95
how to write a good linkedin profile,0,83,0%,83.35
sdtt,0,82,0%,82.8
linkedin summary for it professional,0,81,0%,88.35
linkedin summary for customer service,0,79,0%,70.15
poem on labour in hindi,0,77,0%,46.18
linkedin profile summary for customer service,0,77,0%,71.88
examples of good linkedin profiles,0,77,0%,85.66
rich result test tool,0,76,0%,85.99
project management linkedin summary,0,76,0%,86.3
short linkedin summary examples,0,74,0%,49.01
list of free seo tools,0,74,0%,78.22
seo problems,0,74,0%,80.27
seo validation tool,0,74,0%,167.65
how to write a good summary on linkedin,0,73,0%,36.99
digital marketing linkedin profile summary,0,73,0%,44.64
seo challenge,0,73,0%,53.62
augmented reality seo agency,0,73,0%,60.85
social media myths and facts,0,72,0%,22.29
seo ai writer,0,72,0%,43.12
bacchon ki poem,0,72,0%,51.36
gpt 3 скачать,0,71,0%,77.96
best free seo report generator,0,71,0%,90.21
labour day poetry,0,70,0%,69.76
good linkedin summary for sales,0,70,0%,85.17
linkedin description examples,0,69,0%,44.64
sales manager linkedin summary,0,69,0%,73.43
ai tools in content writing,0,69,0%,74.52
project manager linkedin summary example,0,68,0%,85.94
google search insights,0,67,0%,82.55
linkedin summary for marketing,0,66,0%,45.48
seo based content writing,0,66,0%,88.42
seo article writing software,0,66,0%,101.08
seo analytics tool,0,66,0%,136.52
how to use google search console 2018,0,63,0%,26.44
rich results test google,0,63,0%,85.95
ai writing content,0,61,0%,81.11
free seo tools for beginners,0,61,0%,84.52
will content writing be automated,0,60,0%,30.6
summary linkedin,0,60,0%,87.5
meta logo facebook,0,57,0%,13.26
summary for linkedin marketing,0,57,0%,37.86
linkedin introduction examples,0,57,0%,51.54
seo talks,0,57,0%,56.75
linkedin conversation starters examples,0,57,0%,76.28
linkedin summary for project manager,0,57,0%,89.44
summary in linkedin,0,57,0%,93.16
sample linkedin summary,0,56,0%,85.07
linkedin summary sample,0,55,0%,69.98
where is my bing verification code,0,55,0%,82.96
content writing bot,0,54,0%,26.22
"natural language generation the best 2021 seo content writing tools for 
copywriters",0,54,0%,54.61
ai and content writing,0,54,0%,67.65
conversion ai appsumo,0,54,0%,72.59
linkedin summary for marketing students,0,54,0%,76.06
best linkedin summary for it professional,0,54,0%,92.93
free seo tools for website analysis,0,54,0%,132.87
seo tools features,0,54,0%,140
ultimate seo tools,0,54,0%,144.98
examples of linkedin summaries,0,53,0%,33.85
good linkedin summary for marketing,0,53,0%,40.25
best linkedin bio,0,53,0%,79
best free seo,0,53,0%,96.45
how to write a linkedin profile summary,0,52,0%,75.48
linkedin sales summary examples,0,51,0%,62.41
pillars of digital marketing strategy,0,50,0%,30.56
answer the public free seo tools,0,50,0%,46.04
linked in summary examples,0,50,0%,56.24
best ai content writer,0,50,0%,89.3
seo analytics tools,0,50,0%,129.98
poem on labours day,0,49,0%,48.94
what to write in about in linkedin,0,49,0%,88.86
content ai writer,0,48,0%,84.75
google business card,0,47,0%,86.89
how to create an impressive linkedin profile,0,47,0%,90.79
bing webmasters,0,46,0%,83.26
google search console add property,0,46,0%,88.17
social media calendar 2020,0,45,0%,83.13
business development summary linkedin,0,45,0%,86.91
advanced seo tools,0,45,0%,90.84
social media content calendar 2020,0,45,0%,92.89
best linkedin summaries,0,44,0%,62.45
google rich results,0,44,0%,86.41
free seo tools list,0,43,0%,77.56
using ai to write content,0,43,0%,85.09
google webmaster setup,0,43,0%,119.74
meta facebook logo,0,42,0%,9.93
social media linkedin summary,0,42,0%,40.88
examples of good linkedin profile summaries,0,42,0%,45.07
ai writing assistant,0,42,0%,80.29
yahoo webmaster tools add site,0,42,0%,140.1
linkedin summary for business development executive,0,41,0%,77.41
seo analytics tools free,0,41,0%,78.85
linkedin sales summary,0,41,0%,81.8
"the following keywords are currently used by direct and indirect 
competitors but not talix",0,40,0%,10.75
example of a good linkedin profile summary,0,40,0%,48.05
linkedin summary examples for marketing students,0,40,0%,58.52
google search console for beginners,0,40,0%,69.9
how to write your summary in linkedin,0,39,0%,54.05
linkedin examples,0,39,0%,94.15
seo ai tool,0,39,0%,117.77
conversion ai seo,0,38,0%,74.58
best linkedin summary for sales,0,38,0%,89.39
summary linkedin tips,0,37,0%,42.73
what to put in your linkedin summary,0,37,0%,50.49
gpt-3 download,0,37,0%,78.41
linkedin summary examples project manager,0,37,0%,89.73
content writing automation,0,36,0%,20.89
good linkedin summary examples,0,36,0%,72.06
how to write a good profile on linkedin,0,36,0%,84.67
add summary to linkedin examples,0,35,0%,66.74
best linkedin profile summary,0,35,0%,97.11
meta facebook iapheath,0,34,0%,1
search console beta,0,34,0%,68.85
4 pillars of digital marketing,0,34,0%,80.44
linkedin summary project manager,0,34,0%,85.76
ai based seo,0,34,0%,92.82
automated content writing software,0,34,0%,93.59
top free seo software,0,34,0%,97.91
call to action linkedin summary,0,33,0%,31.03
summary example linkedin,0,33,0%,47.7
best way to write linkedin summary,0,33,0%,63.76
addmetosearch,0,33,0%,79.21
bing webmaster verification code,0,33,0%,83.73
rich results,0,33,0%,84.42
ai created content,0,33,0%,94.48
how to use new google search console,0,33,0%,109.52
tell your professional story with your summary,0,32,0%,68.19
linkedin sales manager summary,0,32,0%,74.62
good profile summary for linkedin,0,32,0%,84.03
seo tips for small businesses,0,32,0%,84.62
social media tools 2020,0,32,0%,86.81
all seo tools,0,32,0%,157.25
good examples of summary for linkedin,0,31,0%,31.74
summary linkedin examples,0,31,0%,36.94
future of work content writer,0,31,0%,42.65
writing a good linkedin summary,0,31,0%,56.71
ai for content writing,0,31,0%,80.97
addme to search,0,31,0%,90.39
creative linkedin summary,0,30,0%,79.37
rich results tester,0,30,0%,83.83
google search console tutorial,0,30,0%,88.27
social media marketing tools 2020,0,30,0%,89.4
ai content writing software,0,30,0%,90.93
meta fb logo,0,29,0%,2.21
parag calender,0,29,0%,6.07
what to put in linkedin bio,0,29,0%,77.14
linkedin profile example,0,29,0%,82.66
bing console,0,29,0%,86.72
linkedin summary suggestions,0,28,0%,24.25
chhote bacchon ki poem,0,28,0%,66.68
linkedin sales profile examples,0,28,0%,83.93
bing addurl,0,28,0%,93.57
linkedin intro examples,0,27,0%,65.41
digital profile examples,0,27,0%,65.52
google rich results test,0,27,0%,76.3
rich data tester,0,27,0%,79.67
examples of linkedin profiles,0,27,0%,81.22
about for linkedin,0,27,0%,84.44
professional summary for linkedin,0,27,0%,92.85
ai in seo,0,27,0%,94
rich result testing tool,0,26,0%,90.42
how to create impressive linkedin profile,0,26,0%,93.62
short summary linkedin,0,25,0%,53.08
great linkedin summaries,0,25,0%,57
what to write in a linkedin summary,0,25,0%,72.04
linkedin about,0,25,0%,88.72
free social media video maker,0,25,0%,90.56
how to log into google search console,0,25,0%,103.88
tips for linkedin summary,0,24,0%,25.08
good linkedin summaries,0,24,0%,35.62
google algorithm update news,0,24,0%,61.08
automatic article writer software,0,24,0%,95.67
seo content writing expert,0,24,0%,96.67
linkedin summary for beginners,0,23,0%,49
best linkedin summary examples,0,23,0%,64.43
account manager linkedin summary example,0,23,0%,66.13
free seo analytics,0,23,0%,75.26
good summary for linkedin profile,0,23,0%,76.04
frase ai writer,0,23,0%,83.17
linkedin project manager summary,0,23,0%,85.83
small business seo tips,0,23,0%,93.09
ai based content generation,0,23,0%,93.91
seo dictionary,0,23,0%,99.87
summary examples for linkedin,0,22,0%,39.05
great linkedin summary,0,22,0%,68.09
a good linkedin summary,0,22,0%,68.82
summary of linkedin,0,22,0%,75.55
guide to google search console,0,22,0%,83.05
ai content writing tools,0,22,0%,95.82
facebook meta png,0,21,0%,1.76
fb meta logo,0,21,0%,7.52
best ai article writer,0,21,0%,88.52
ar seo,0,21,0%,92.29
free tools for seo,0,21,0%,148.81
digital marketing bio for linkedin,0,20,0%,37.9
automated content writing,0,20,0%,38.05
search console insights.,0,20,0%,84.85
ai based writing,0,20,0%,90.7
bing webmasters tools,0,20,0%,91.1
linkedin summary examples for operations manager,0,20,0%,91.35
seo monitoring tools free,0,20,0%,93.05
google updates 2020,0,20,0%,94.9
how to write a summary for linkedin student,0,20,0%,95.05
best free seo software,0,20,0%,98.45
how to write an effective linkedin summary,0,19,0%,41.95
marketing linkedin summary examples,0,19,0%,44.47
seo analytics tool free,0,19,0%,90.63
free seo automation tools,0,19,0%,97.05
seo ai tools,0,19,0%,154.26
summary example for linkedin profile,0,18,0%,54.72
milesweb review,0,18,0%,62.11
rich test results,0,18,0%,72.83
content writing softwares,0,18,0%,78.61
content automation for seo,0,18,0%,80.61
inspiring linkedin profiles,0,18,0%,85.61
free seo analytics tool,0,18,0%,85.83
top 5 free seo tools,0,18,0%,97.5
summary example for linkedin,0,17,0%,24.47
what to put in a linkedin summary,0,17,0%,55.71
bing webmaster code,0,17,0%,74.65
seo toolbox free,0,17,0%,86.94
milesweb,0,17,0%,88.29
100% free seo tools,0,16,0%,33.62
linkedin bio tips,0,16,0%,39.88
seolist,0,16,0%,69.44
what is search console insights,0,16,0%,76.38
linkedin profile section examples,0,16,0%,77.12
rich result tool,0,16,0%,78.56
google webmasters rich snippets testing tool,0,16,0%,81.56
summary for linkedin profile,0,16,0%,92.44
seo tools free,0,16,0%,113.5
seo tools list 2021,0,15,0%,55.6
about linkedin examples,0,15,0%,66.8
hindi poem on zindagi,0,15,0%,72.93
openai gpt3,0,15,0%,89.8
how to improve my website ranking,0,15,0%,93.93
ai based seo platform,0,15,0%,98.47
free website seo tools,0,15,0%,172.4
pallav singh,0,14,0%,22.71
linkedin summary for digital marketing,0,14,0%,37.93
writing an effective linkedin summary,0,14,0%,40.57
how to write a linked in summary,0,14,0%,55.57
bing webmaster tools verification html code,0,14,0%,60.57
moz free seo tools,0,14,0%,79.21
best linkedin profile examples,0,14,0%,86
about in linkedin,0,14,0%,87.79
seo tools list,0,14,0%,88.86
social profile examples,0,14,0%,92.29
2020 google updates,0,14,0%,93.29
linked in summary,0,14,0%,95.64
ai seo software,0,14,0%,120.93
free seo analysis tools,0,14,0%,147.71
thermogenetics,0,13,0%,5.46
bacche ki poem,0,13,0%,37.77
writing a summary for linkedin,0,13,0%,51.23
linkedin interests examples,0,13,0%,61.92
add summary in linkedin,0,13,0%,69.92
what to write for summary on linkedin,0,13,0%,71.85
what is a good linkedin summary,0,13,0%,75.62
get your bing verification code in bing webmaster tools,0,13,0%,75.69
web desing company,0,13,0%,82
useful seo tools,0,13,0%,83.69
linkedin summary student examples,0,13,0%,86.23
seo tools 2021,0,13,0%,90.62
google search console logo,0,13,0%,91.62
bing search console,0,13,0%,95.54
linkedin summary ideas,0,12,0%,27.58
examples of good summaries on linkedin,0,12,0%,31.17
gaon ki shayari,0,12,0%,40.5
writing your linkedin summary,0,12,0%,49.67
bacchon ka poem,0,12,0%,50.25
linkedin summary help,0,12,0%,50.5
linkedin short summary,0,12,0%,52.58
examples of professional bios on linkedin,0,12,0%,75
summary to write in linkedin,0,12,0%,75.67
alpha fold 2,0,12,0%,76.33
seo free tools list,0,12,0%,88.25
search console login,0,12,0%,91.75
seo moz free tools,0,12,0%,92.75
daily seo tasks list,0,12,0%,95.33
linkedin inspirational stories,0,11,0%,8.55
challenges of seo,0,11,0%,31.18
short summary for linkedin,0,11,0%,36.55
google sdtt,0,11,0%,53.82
bacchon ke poem,0,11,0%,61
bacche in hindi,0,11,0%,63.73
free post seo,0,11,0%,72.36
google search console insight,0,11,0%,74.09
google search console meaning,0,11,0%,75.27
linkedin experience examples,0,11,0%,78.09
how to write a professional bio for linkedin,0,11,0%,78.82
ai-based content optimization,0,11,0%,78.91
google visiting card,0,11,0%,80.55
trending topics for content writing 2021,0,11,0%,85.82
how to write a linkedin summary with no experience,0,11,0%,88.64
ai tools for content writing,0,11,0%,92.09
social media video maker,0,11,0%,92.55
how to connect google search console to your site,0,11,0%,164.55
how many main pillars of digital marketing?,0,10,0%,28.3
bing webmaster setup,0,10,0%,34.5
bing webmaster tools verification html code or id,0,10,0%,36.3
examples of linkedin summary,0,10,0%,41.9
best summary examples for linkedin,0,10,0%,43.4
netflix coding,0,10,0%,63.2
how to write a summary in linkedin,0,10,0%,64.2
best linkedin summaries for sales,0,10,0%,67.2
gpt3 google sheets,0,10,0%,70.3
linkedin tags examples,0,10,0%,80.2
digital marketing talks,0,10,0%,80.6
strong linkedin summary,0,10,0%,83.3
rich results tool,0,10,0%,85.2
google rich result test,0,10,0%,85.6
ai and seo,0,10,0%,90
setup bing webmaster tools on wordpress website,0,10,0%,91.7
linkedin story,0,10,0%,92.5
future of seo jobs,0,10,0%,94
add me to search card,0,10,0%,95.4
professional linkedin summary,0,10,0%,97.5
facebook meta logo png,0,9,0%,10.56
best linkedin profiles 2021 examples,0,9,0%,17.78
search console insights beta,0,9,0%,24.11
hindi village poem,0,9,0%,32.22
example summary for linkedin,0,9,0%,35.67
2 main pillars of digital marketing,0,9,0%,38.44
digital marketing summary for linkedin,0,9,0%,42.89
examples of summaries on linkedin,0,9,0%,43.56
linkedin good summary,0,9,0%,49.11
poem on village in hindi,0,9,0%,51.89
example of a linkedin summary,0,9,0%,57.78
what to include in linkedin summary,0,9,0%,68.33
summary for linked in,0,9,0%,69
what to write in summary in linkedin,0,9,0%,70.67
google search console 2020,0,9,0%,74.89
gpt 3 download,0,9,0%,76.11
how to add summary in linkedin,0,9,0%,78.33
bacchon ki poem hindi mein,0,9,0%,79.67
search console logo,0,9,0%,81.22
keywords for linkedin summary,0,9,0%,84.89
google search console setup,0,9,0%,89.67
linkedin summary for business development manager,0,9,0%,91.44
sales linkedin profile examples,0,9,0%,91.44
popular seo tools,0,9,0%,92
common seo problems,0,9,0%,92.11
linkedin summary examples for students,0,9,0%,95.67
10 free seo tools,0,9,0%,96.78
free seo tool,0,9,0%,154.22
linked in summary tips,0,8,0%,19.38
how many pillars of digital marketing,0,8,0%,28.38
linked in summary example,0,8,0%,44.12
google virtual business card,0,8,0%,52.5
labour day poem,0,8,0%,59.88
linkedin position description examples,0,8,0%,66.38
#addmetosearch,0,8,0%,66.62
linked in about examples,0,8,0%,66.62
meta logo png,0,8,0%,68
gaon shayari,0,8,0%,68.38
linkedin experience description examples,0,8,0%,70
hindi poem on child labour,0,8,0%,70.12
what to say in linkedin summary,0,8,0%,70.75
will seo be automated,0,8,0%,73
rich testing tool,0,8,0%,73.25
what to say in your linkedin summary,0,8,0%,74.12
best ai seo,0,8,0%,74.88
how to write summary for linkedin,0,8,0%,75
digital marketing content pillars,0,8,0%,79.25
add property google search console,0,8,0%,79.5
best linkedin profile summaries,0,8,0%,81.88
great linkedin profile examples,0,8,0%,83.12
add me to people card,0,8,0%,83.38
ai based article writer,0,8,0%,84.12
seo tools bulk buy,0,8,0%,86.38
google name card,0,8,0%,88.88
latest seo tools,0,8,0%,90.12
seo tools name,0,8,0%,92
best seo free tools,0,8,0%,97.62
bing webmaster tools,0,8,0%,98.88
meta logo fb,0,7,0%,7.86
amazing linkedin summary,0,7,0%,23
best linkedin summary for marketing,0,7,0%,39.71
website desing,0,7,0%,45.57
good summary linkedin,0,7,0%,48.43
ai based content writing,0,7,0%,49.57
summary examples linkedin,0,7,0%,49.71
how to write a good linkedin bio,0,7,0%,53.43
good linkedin bio examples,0,7,0%,54
write a good linkedin summary,0,7,0%,54.43
linkedin best summary examples,0,7,0%,55.86
best free seo tools 2021,0,7,0%,56
examples of about section on linkedin,0,7,0%,56
tips for linkedin profile summary,0,7,0%,57.71
a good summary for linkedin,0,7,0%,58.57
how to write your linkedin summary,0,7,0%,60.14
how to write a good summary about yourself,0,7,0%,63.14
about me linkedin examples,0,7,0%,63.43
chhote bacchon ka poem,0,7,0%,66.43
how to write a summary linkedin,0,7,0%,67.43
sales manager linkedin summary examples,0,7,0%,67.71
marketing student linkedin summary,0,7,0%,69.29
a poem on labour day,0,7,0%,81.43
how to write a summary example,0,7,0%,81.71
how to start a summary examples,0,7,0%,82.71
webmasters bing,0,7,0%,85.43
moz analytics free,0,7,0%,87.57
bing webmasters tool,0,7,0%,88.57
free seo crawler tool,0,7,0%,88.86
2020 social media calendar,0,7,0%,89.29
setup bing webmaster tools on wordpress,0,7,0%,89.29
seo minion,0,7,0%,89.71
google may 2020 core update,0,7,0%,91.57
ai software seo,0,7,0%,93.57
free seo analytics tools,0,7,0%,95.57
top 10 free seo tools,0,7,0%,97.71
best free seo sites,0,7,0%,97.86
social media myths,0,7,0%,98
favorite free seo tools for,0,7,0%,98.71
google search console ownership,0,7,0%,99.29
meta png facebook,0,6,0%,2.5
impressive linkedin summary,0,6,0%,10.67
facebook.com/meta,0,6,0%,11.83
chote bache ka poem,0,6,0%,20.17
meta facebook png,0,6,0%,26.17
linkedin summary call to action examples,0,6,0%,27.33
summary ideas for linkedin,0,6,0%,27.67
good linked in summary,0,6,0%,29.5
main pillars of digital marketing,0,6,0%,29.67
how to write a good summary for linkedin,0,6,0%,35.17
linkedin summaries examples,0,6,0%,36.33
google insights for search beta,0,6,0%,39.17
example summary linkedin,0,6,0%,41
best summary for linkedin examples,0,6,0%,42.5
linkedin description tips,0,6,0%,43.33
how to write summary in linkedin examples,0,6,0%,43.67
summary in linkedin examples,0,6,0%,44.17
linkedin about me section examples,0,6,0%,44.33
how to write good summary on linkedin,0,6,0%,46
bacche ka poem,0,6,0%,46.83
linkedin summary marketing,0,6,0%,47.67
dr oetker plant in india,0,6,0%,48
sample summary for linkedin,0,6,0%,48.83
linkedin profile summary tips,0,6,0%,49.5
google search console beginners guide,0,6,0%,50.67
what to write in the summary of linkedin,0,6,0%,51.17
ownership verification failed google search console,0,6,0%,53.17
conversion.ai appsumo,0,6,0%,58.5
linkedin best summary,0,6,0%,62.83
gpt 3 google sheets,0,6,0%,63.67
alphafold 2 server,0,6,0%,64.17
poem on labour day,0,6,0%,64.83
web desing companies,0,6,0%,67
linkedin profiles examples,0,6,0%,68
linkedin fake followers,0,6,0%,68.67
morning score seo,0,6,0%,70.5
writing a summary on linkedin,0,6,0%,71.5
bing verification code in bing webmaster tools,0,6,0%,74.17
what to write in about section of linkedin,0,6,0%,75.5
how to write best linkedin profile,0,6,0%,75.83
how to write a summary examples,0,6,0%,78.83
linkedin summary examples engineer,0,6,0%,79.83
google algorithm update in hindi,0,6,0%,80.33
marketing linkedin bio,0,6,0%,80.83
linked in bio,0,6,0%,81.67
linkedin summary best,0,6,0%,83
ai and seo 2021,0,6,0%,83.67
google rich snippets test,0,6,0%,84.5
ai article writing software,0,6,0%,85.67
best free tools for seo,0,6,0%,87.83
social media video maker tool,0,6,0%,88.83
google virtual card,0,6,0%,89
social media video tools,0,6,0%,89.17
google seo tools list,0,6,0%,90.83
linkedin profile summary examples for students,0,6,0%,92.17
mobile seo problems,0,6,0%,92.5
being webmaster tool,0,6,0%,92.67
linkedin professional summary,0,6,0%,95.5
seo features list,0,6,0%,124.17
new fb logo meta,0,5,0%,9.8
facebook meta launch,0,5,0%,11.6
100 free seo tool,0,5,0%,20.8
dwell time linkedin,0,5,0%,23.4
linkedin summary examples marketing,0,5,0%,27.8
bache ka poem,0,5,0%,30.2
ai seo writer,0,5,0%,31
linkedin about example,0,5,0%,31.4
linkedin dwell time,0,5,0%,31.4
examples of summary for linkedin,0,5,0%,36.2
examples of good linkedin summaries,0,5,0%,38
example of a good linkedin summary,0,5,0%,46.6
linkedin profile description examples,0,5,0%,50
linkedin profile summary example,0,5,0%,51.6
summary for linkedin profile examples,0,5,0%,53
what should my linkedin summary say,0,5,0%,56.4
how to write the best linkedin summary,0,5,0%,57.8
linkedin reviews examples,0,5,0%,59.4
linkedin header examples,0,5,0%,65.2
linkedin review examples,0,5,0%,68.6
child poem in hindi,0,5,0%,69.2
linkedin profile bio examples,0,5,0%,69.4
what to write in my linkedin summary,0,5,0%,70.4
a walk on the moon netflix,0,5,0%,71
corona poem in hindi,0,5,0%,71.4
write a linkedin summary,0,5,0%,72.6
seoseo com tw,0,5,0%,72.8
how to write about section on linkedin,0,5,0%,74.6
linkedin best profile examples,0,5,0%,77.8
rich test tool,0,5,0%,78.4
free social media calendar template 2020 excel,0,5,0%,79.4
roundup post,0,5,0%,80.2
how to write a professional summary on linkedin,0,5,0%,81.2
how to write the best linkedin profile,0,5,0%,81.4
how to make a good linkedin summary,0,5,0%,83.2
google search console verification failed,0,5,0%,84
web site desing,0,5,0%,84.4
google 2020 core update,0,5,0%,84.8
how to write a good profile summary,0,5,0%,86
seo tips for small business,0,5,0%,86.8
rich result testing,0,5,0%,87
richresults,0,5,0%,87
seo advice for small businesses,0,5,0%,87.8
great examples of linkedin profiles,0,5,0%,89.2
linkedin profile tips 2021,0,5,0%,89.6
add me to google search card,0,5,0%,90.2
best social media marketing tools 2020,0,5,0%,91
digital writing assistant,0,5,0%,91.4
google core update 2020,0,5,0%,92.2
top 6 local seo tips for small businesses,0,5,0%,92.8
best profile summary for linkedin,0,5,0%,95.4
reach vs engagement,0,5,0%,95.4
best free social media video maker,0,5,0%,95.6
summary linkedin profile,0,5,0%,95.6
google search console position meaning,0,5,0%,96
linkedin student summary,0,5,0%,97.6
bing seo 2020,0,5,0%,98
google algorithm update may 2020,0,5,0%,99.4
alphafold logo,0,4,0%,1
gaon a gaye,0,4,0%,5
tips for writing linkedin summary,0,4,0%,15.5
urdu shayari romantic mood,0,4,0%,16.75
meta facebook.com,0,4,0%,20.5
seo content ai,0,4,0%,24.5
how to create a good summary on linkedin,0,4,0%,29.25
call to action in linkedin summary,0,4,0%,29.5
छोटे बच्चे की पोयम,0,4,0%,32.25
manager linkedin summary,0,4,0%,34
poem on old age homes in hindi,0,4,0%,34
linkedin summary best practices,0,4,0%,35
enter your bing webmaster tools verification html code or id,0,4,0%,36.75
summary examples on linkedin,0,4,0%,40.75
webmaster seo tools free,0,4,0%,44.25
sab badal gaye,0,4,0%,47.75
linkedin summary writing,0,4,0%,48
linkedin summary examples for biology students,0,4,0%,48.25
google search console images,0,4,0%,50.5
hindi poem on children,0,4,0%,50.75
linkedin example summary,0,4,0%,51
examples of about me on linkedin,0,4,0%,52.25
what should i write in linkedin summary,0,4,0%,52.25
great summary for linkedin,0,4,0%,53
how to write linkedin profile summary,0,4,0%,53
top linkedin summaries,0,4,0%,53
keyword analytics free,0,4,0%,54
marketing pillars,0,4,0%,55
sales and marketing linkedin summary,0,4,0%,56.5
village poem in hindi,0,4,0%,57
bingwebmasters,0,4,0%,57.25
writing summary for linkedin,0,4,0%,57.75
example summary on linkedin,0,4,0%,60.5
artificial intelligence content writer,0,4,0%,62.25
what to write in summary of linkedin,0,4,0%,62.5
awesome linkedin profiles,0,4,0%,63.25
linkedin bio help,0,4,0%,64.5
console insights,0,4,0%,65
google search console faq,0,4,0%,66.25
best summary on linkedin,0,4,0%,67.5
kathryn tunyasuvunakool,0,4,0%,67.5
write a summary for linkedin,0,4,0%,67.5
bacche log ka poem,0,4,0%,68.5
poem on coronavirus in hindi,0,4,0%,68.5
writing a linkedin bio,0,4,0%,68.75
alphafold 2 explained,0,4,0%,71
kahaani ghar ghar ki,0,4,0%,72
google gpt 3,0,4,0%,73.25
short summary for linkedin profile,0,4,0%,73.5
gpt-3 model download,0,4,0%,73.75
pallov press,0,4,0%,73.75
will ai replace content writers,0,4,0%,74
बच्चों का पोयम,0,4,0%,75
add summary on linkedin,0,4,0%,75.25
best linkedin profile summary examples,0,4,0%,75.75
hindi poem on corona,0,4,0%,75.75
inspiring linkedin posts,0,4,0%,78.5
good linkedin profile summary,0,4,0%,78.75
great linkedin summary examples,0,4,0%,78.75
social media marketing video maker,0,4,0%,79.5
simple linkedin summary,0,4,0%,81.25
linkedin summary for sales professional,0,4,0%,82.25
linked in profile examples,0,4,0%,82.5
rich snippet testing tool google,0,4,0%,83.25
linkedin job summary examples,0,4,0%,83.5
how to write about section in linkedin,0,4,0%,84.5
google search console inloggen,0,4,0%,85
how to write profile summary on linkedin,0,4,0%,86.25
great free seo tools,0,4,0%,86.75
linkedin summary for students examples,0,4,0%,88.25
sales linkedin summary,0,4,0%,88.75
add owner to google search console,0,4,0%,89.25
add me to search india,0,4,0%,91.75
linkedin description,0,4,0%,92
free seo research,0,4,0%,92.5
ai content generation,0,4,0%,93.75
rich result,0,4,0%,93.75
free automatic seo report,0,4,0%,94
gpt 3 seo,0,4,0%,94
best ai content generation tool,0,4,0%,94.25
january 2020 core update,0,4,0%,94.75
social media reach vs engagement,0,4,0%,94.75
ai tools voor seo,0,4,0%,96
seo tips for small business websites,0,4,0%,96.5
ai software for seo,0,4,0%,97.75
best seo tools free,0,4,0%,97.75
latest free seo tools,0,4,0%,97.75
free online seo tools list,0,4,0%,98
ai for seo,0,4,0%,101.5
seo analysis software free,0,4,0%,113.75
best seo tools 2021,0,4,0%,137
best free seo checker,0,4,0%,160
logo meta fb,0,3,0%,2
logo meta facebook,0,3,0%,3
facebook changing to meta,0,3,0%,6
face book meta logo,0,3,0%,8
facebook meta intro,0,3,0%,9.67
"""milesweb""",0,3,0%,10
meta facebook presentation,0,3,0%,10
ceo linkedin summary examples,0,3,0%,11.67
how to write a good linked in summary,0,3,0%,12
what is the future of content writing,0,3,0%,16.67
chote bache ki poem,0,3,0%,17
ar in seo,0,3,0%,19
chhote bacche ki poem,0,3,0%,22.33
linkedin short summary examples,0,3,0%,24
ai content seo,0,3,0%,25
digital marketer linkedin summary,0,3,0%,27
linkedin summary examples for customer service manager,0,3,0%,28
link propensity moz,0,3,0%,33.67
digital marketing summary linkedin,0,3,0%,35
summary for linkedin profile for digital marketing,0,3,0%,36.33
seo challenges 2021,0,3,0%,37
linkedin summary short,0,3,0%,37.67
example of good linkedin summary,0,3,0%,39.33
old hindi kavita,0,3,0%,39.33
example good linkedin profile,0,3,0%,41.67
poem on children in hindi,0,3,0%,44.33
about examples for linkedin,0,3,0%,45.33
amazing linkedin profiles,0,3,0%,46.67
linked summary examples,0,3,0%,47.33
good summary in linkedin,0,3,0%,48.67
how to write good linkedin summary,0,3,0%,48.67
summary about yourself in linkedin,0,3,0%,49
short summary in linkedin,0,3,0%,51.33
top 100 seo tools,0,3,0%,52
get your bing verification code,0,3,0%,55
how to make a good linkedin bio,0,3,0%,56.33
what should my summary on linkedin say,0,3,0%,56.33
छोटे बच्चों की पोयम,0,3,0%,58.33
best linkedin sales summary examples,0,3,0%,58.67
what to write for linkedin summary,0,3,0%,58.67
how write summary on linkedin,0,3,0%,61.67
rich test google,0,3,0%,61.67
google gpt-3,0,3,0%,62.33
gpt3 logo,0,3,0%,62.67
what to put in your linkedin bio,0,3,0%,65.33
effective linkedin summary,0,3,0%,66.67
my people card,0,3,0%,67
how to write about me in linkedin,0,3,0%,67.33
ai website content writer,0,3,0%,69
gpt-3 google,0,3,0%,69.33
what to write in your linkedin summary,0,3,0%,69.67
best linked in summaries,0,3,0%,70
best summary in linkedin,0,3,0%,70
bin webmaster tools,0,3,0%,70.33
old age poem,0,3,0%,71
poem on old age,0,3,0%,71.33
best linkedin profiles 2020 examples,0,3,0%,71.67
linkedin student summary examples,0,3,0%,72
बच्चों के पोयम,0,3,0%,72.33
profile summary examples,0,3,0%,73.67
how to write about for linkedin,0,3,0%,74
great linkedin bio,0,3,0%,74.33
linkedin about us examples,0,3,0%,74.33
bacche hindi,0,3,0%,75.67
bacchon ki poems,0,3,0%,75.67
search console meaning,0,3,0%,76
rich test result,0,3,0%,76.33
summary tips,0,3,0%,76.67
summary at linkedin,0,3,0%,77
best free seo tools 2020,0,3,0%,77.67
download gpt-3,0,3,0%,77.67
gpt3 seo,0,3,0%,79.67
how to write the about section on linkedin,0,3,0%,79.67
पोयम बच्चों की,0,3,0%,79.67
miles web hosting,0,3,0%,80
simple summary for linkedin,0,3,0%,80
how to write a good linkedin summary for students,0,3,0%,80.67
how to add a summary on linkedin,0,3,0%,81
linkedin tips 2021,0,3,0%,81
creating a linkedin summary,0,3,0%,82
how to write bache in hindi,0,3,0%,82
professional linkedin profile examples,0,3,0%,82.33
rich data testing tool,0,3,0%,82.33
google rich result tool,0,3,0%,82.67
bing setup,0,3,0%,83
google rich results tool,0,3,0%,83
a summary for linkedin,0,3,0%,83.33
what to include in a linkedin summary,0,3,0%,83.33
best ai writers,0,3,0%,83.67
the best free seo tools,0,3,0%,84.67
linkedin summary for job seekers examples,0,3,0%,85.67
rich result checker,0,3,0%,86
desing websites,0,3,0%,86.33
bing site verification code,0,3,0%,88
how to write your profile summary,0,3,0%,88.67
linkedin page examples,0,3,0%,89.33
ai generated content,0,3,0%,90.33
linkedin summaries,0,3,0%,92.33
google rich snippet testing tool,0,3,0%,93.33
best free website seo analysis tool,0,3,0%,93.67
shared seo tools,0,3,0%,93.67
social media video maker free,0,3,0%,94
best seo analytics,0,3,0%,95.67
google search business card,0,3,0%,95.67
pillars of social media marketing,0,3,0%,95.67
daniel foley seo,0,3,0%,96.33
google core update may 2020,0,3,0%,96.33
google rich snippets tester,0,3,0%,96.33
milesweb offers,0,3,0%,96.33
ai content writer tool,0,3,0%,97
examples of seo content writing,0,3,0%,97
linkedin algorithm 2020,0,3,0%,97.33
add me search card,0,3,0%,98
ai content generation tool,0,3,0%,99.33
bulk content writing,0,3,0%,100.67
submit site to bing webmaster tools,0,3,0%,110.33
free seo tracker,0,3,0%,151.67
content writing software,0,3,0%,173.33
seo free tools,0,3,0%,183.67
meta logo png facebook,0,2,0%,5.5
lenovo ideapad 2022,0,2,0%,9
meta facebook logo png,0,2,0%,10
all about meta facebook,0,2,0%,11.5
meta fb,0,2,0%,11.5
sonothermogenetics,0,2,0%,19
meta aka facebook,0,2,0%,20
google insights finder beta,0,2,0%,22
बच्चे की पोयम,0,2,0%,24
labour day poem in hindi,0,2,0%,25.5
alphafold documentary,0,2,0%,26
consultant linkedin summary,0,2,0%,27
how do i write a good summary for linkedin?,0,2,0%,28.5
meta facebook,0,2,0%,31
hindi poem on social media,0,2,0%,32
example of summary in linkedin,0,2,0%,33.5
linkedin bio examples marketing,0,2,0%,35
bachcha ka poem,0,2,0%,37
summary examples for linkedin profile,0,2,0%,37
what should i write in summary of linkedin,0,2,0%,38.5
5 pillars of digital marketing,0,2,0%,40
budhapa shayari in urdu,0,2,0%,40
child labour shayari in hindi,0,2,0%,41
facebook meta logo similar,0,2,0%,41
insight group seo challenge,0,2,0%,41
summaries for linkedin,0,2,0%,41
children hindi poem,0,2,0%,42.5
examples for linkedin summary,0,2,0%,43.5
what to write about me in linkedin,0,2,0%,44
how to write a good about me on linkedin,0,2,0%,45
ai based content writer,0,2,0%,45.5
examples of good linkedin summary,0,2,0%,47
what makes a good linkedin summary,0,2,0%,47
gaon shayari in hindi,0,2,0%,48.5
google search console image,0,2,0%,49
how to get bing verification code,0,2,0%,50.5
gpt3 download,0,2,0%,51
how to write a great summary on linkedin,0,2,0%,51
linkedin best profile summary,0,2,0%,51.5
write summary on linkedin,0,2,0%,51.5
short bio for linkedin,0,2,0%,52
poem on corona in hindi,0,2,0%,53.5
google console insights,0,2,0%,54
let’s add your summary,0,2,0%,54
hindi poem on village,0,2,0%,54.5
linkedin bios,0,2,0%,54.5
how to write a summary about yourself,0,2,0%,56
what is a good linkedin bio,0,2,0%,57.5
linked in profile summary,0,2,0%,58
google console search login,0,2,0%,59
what to put on linkedin summary,0,2,0%,59
linkedin story examples,0,2,0%,60
google virtual visiting card,0,2,0%,61
how to write linkedin description,0,2,0%,62
what to write on your linkedin summary,0,2,0%,62.5
google rich result,0,2,0%,63.5
linkedin summary about yourself,0,2,0%,63.5
what to write on linkedin summary,0,2,0%,63.5
best linkedin about me examples,0,2,0%,64
linkedin add summary,0,2,0%,64
seo free tools 2021,0,2,0%,64
virtual business card google,0,2,0%,64
rich results checker,0,2,0%,64.5
best short summary for linkedin,0,2,0%,65.5
what should i write in my linkedin summary,0,2,0%,66
baccha poem,0,2,0%,67.5
free seo submission tools,0,2,0%,67.5
bing email setup,0,2,0%,68
linkedin how to write summary,0,2,0%,68.5
seo submission tools,0,2,0%,68.5
social media video making tool,0,2,0%,68.5
what to put in my linkedin summary,0,2,0%,68.5
desing website,0,2,0%,70
challenge seo,0,2,0%,71
about summary for linkedin,0,2,0%,71.5
write summary in linkedin,0,2,0%,71.5
ai written content,0,2,0%,72
bing web masters,0,2,0%,72
deepmind seo,0,2,0%,72
bacchon ki hindi poem,0,2,0%,72.5
executive linkedin profile examples,0,2,0%,72.5
how to use seo minion,0,2,0%,72.5
what to put in linked in summary,0,2,0%,72.5
how to write linked in summary,0,2,0%,73.5
linkedin summary examples for experienced professionals,0,2,0%,73.5
bio examples for linkedin,0,2,0%,74
पोयम बच्चों की पोयम,0,2,0%,74
बच्चों की पोयम बच्चों की पोयम,0,2,0%,74
best content writing ai,0,2,0%,74.5
get your bing verification code in bing webmaster tools.,0,2,0%,74.5
summary about myself in linkedin,0,2,0%,75
village poem,0,2,0%,75
seo tools free list,0,2,0%,76.5
add me to search,0,2,0%,77
how to add summary on linkedin,0,2,0%,77
great linkedin profile summaries,0,2,0%,77.5
profile summary for linkedin,0,2,0%,77.5
it linkedin summary,0,2,0%,78
free video tools for social media,0,2,0%,78.5
best webmaster tools,0,2,0%,79
ai for writing articles,0,2,0%,79.5
alphafold explained,0,2,0%,79.5
google search console twitter,0,2,0%,79.5
test rich results,0,2,0%,80
gpt-3 search engine,0,2,0%,80.5
what to write in about section in linkedin,0,2,0%,81
google about this result beta,0,2,0%,81.5
best linked in summary,0,2,0%,82
मजदूर दिवस पर कविता,0,2,0%,82
how to write a professional summary for linkedin,0,2,0%,82.5
search console setup,0,2,0%,83
setup google search console,0,2,0%,83
bing console webmaster,0,2,0%,83.5
bulk seo tools,0,2,0%,83.5
where to find bing verification code,0,2,0%,83.5
how to make a summary on linkedin,0,2,0%,84
open ai gpt 3 text generator,0,2,0%,85.5